{
  "full_model": {
    "accuracy": 0.7884,
    "macro_precision": 0.6278,
    "macro_recall": 0.8116,
    "macro_f1": 0.6977,
    "macro_auc": 0.9476,
    "per_class_auc": {
      "akiec": 0.9291749712264549,
      "bcc": 0.9746543778801843,
      "bkl": 0.9265276079177424,
      "df": 0.9923307145529368,
      "mel": 0.8896988956219298,
      "nv": 0.9366151171851586,
      "vasc": 0.9817076913633295
    }
  },
  "no_hair_guidance": {
    "accuracy": 0.7872,
    "macro_precision": 0.7352,
    "macro_recall": 0.8446,
    "macro_f1": 0.6945,
    "macro_auc": 0.9548,
    "per_class_auc": {
      "akiec": 0.942045869241782,
      "bcc": 0.9880330048632994,
      "bkl": 0.9338247950355574,
      "df": 0.9935278713056491,
      "mel": 0.895642099035462,
      "nv": 0.9346600331674958,
      "vasc": 0.9940151003621632
    }
  },
  "no_dual_stream": {
    "accuracy": 0.7698,
    "macro_precision": 0.6076,
    "macro_recall": 0.801,
    "macro_f1": 0.6805,
    "macro_auc": 0.9449,
    "per_class_auc": {
      "akiec": 0.9329155321000477,
      "bcc": 0.9837206972550592,
      "bkl": 0.911371563165285,
      "df": 0.9953236064347176,
      "mel": 0.8878164330022589,
      "nv": 0.9346450478531041,
      "vasc": 0.9664538702350992
    }
  },
  "no_cbam": {
    "accuracy": 0.7731,
    "macro_precision": 0.5923,
    "macro_recall": 0.7907,
    "macro_f1": 0.6607,
    "macro_auc": 0.9501,
    "per_class_auc": {
      "akiec": 0.935785868680347,
      "bcc": 0.9786570372124368,
      "bkl": 0.9256375413326087,
      "df": 0.9879536101758324,
      "mel": 0.903839775538743,
      "nv": 0.9419299086894843,
      "vasc": 0.9746792707629981
    }
  },
  "no_metric_constraint": {
    "accuracy": 0.7831,
    "macro_precision": 0.621,
    "macro_recall": 0.7874,
    "macro_f1": 0.6786,
    "macro_auc": 0.9613,
    "per_class_auc": {
      "akiec": 0.9582011621705078,
      "bcc": 0.9882971166281125,
      "bkl": 0.9404901028219415,
      "df": 0.9940890385334831,
      "mel": 0.9099062354333249,
      "nv": 0.9547883074586905,
      "vasc": 0.9815235406052422
    }
  },
  "no_difference_guidance": {
    "accuracy": 0.7585,
    "macro_precision": 0.5653,
    "macro_recall": 0.7875,
    "macro_f1": 0.6405,
    "macro_auc": 0.9504,
    "per_class_auc": {
      "akiec": 0.9510007579372877,
      "bcc": 0.9806651973552395,
      "bkl": 0.9269805680119582,
      "df": 0.9930789375233819,
      "mel": 0.8875811251748,
      "nv": 0.936133589082699,
      "vasc": 0.9753391443128108
    }
  }
}